{
  "training": [],
  "evaluation": [
    {
      "epoch": 0,
      "metrics": {
        "accuracy": 0.8737,
        "precision": 0.8736298990054454,
        "recall": 0.8737,
        "f1": 0.8735626514332319,
        "confusion_matrix": [
          [
            905,
            6,
            23,
            12,
            7,
            0,
            2,
            1,
            26,
            18
          ],
          [
            9,
            926,
            3,
            3,
            0,
            2,
            0,
            1,
            14,
            42
          ],
          [
            22,
            1,
            833,
            33,
            43,
            22,
            20,
            13,
            7,
            6
          ],
          [
            15,
            3,
            31,
            727,
            32,
            120,
            29,
            19,
            14,
            10
          ],
          [
            8,
            4,
            24,
            35,
            866,
            23,
            15,
            23,
            2,
            0
          ],
          [
            4,
            0,
            17,
            106,
            26,
            807,
            14,
            21,
            2,
            3
          ],
          [
            7,
            2,
            16,
            33,
            13,
            9,
            909,
            6,
            1,
            4
          ],
          [
            9,
            3,
            8,
            23,
            19,
            28,
            0,
            904,
            1,
            5
          ],
          [
            24,
            4,
            4,
            3,
            3,
            4,
            0,
            1,
            938,
            19
          ],
          [
            14,
            29,
            2,
            7,
            1,
            2,
            1,
            2,
            20,
            922
          ]
        ],
        "class_metrics": {
          "class_0": {
            "TP": 905,
            "FN": 95,
            "FP": 112,
            "TN": 8888,
            "precision": 0.8898721730580138,
            "recall": 0.905,
            "f1": 0.8973723351512147
          },
          "class_1": {
            "TP": 926,
            "FN": 74,
            "FP": 52,
            "TN": 8948,
            "precision": 0.9468302658486708,
            "recall": 0.926,
            "f1": 0.936299292214358
          },
          "class_2": {
            "TP": 833,
            "FN": 167,
            "FP": 128,
            "TN": 8872,
            "precision": 0.8668054110301769,
            "recall": 0.833,
            "f1": 0.8495665476797551
          },
          "class_3": {
            "TP": 727,
            "FN": 273,
            "FP": 255,
            "TN": 8745,
            "precision": 0.7403258655804481,
            "recall": 0.727,
            "f1": 0.7336024217961655
          },
          "class_4": {
            "TP": 866,
            "FN": 134,
            "FP": 144,
            "TN": 8856,
            "precision": 0.8574257425742574,
            "recall": 0.866,
            "f1": 0.8616915422885572
          },
          "class_5": {
            "TP": 807,
            "FN": 193,
            "FP": 210,
            "TN": 8790,
            "precision": 0.7935103244837758,
            "recall": 0.807,
            "f1": 0.8001983143282103
          },
          "class_6": {
            "TP": 909,
            "FN": 91,
            "FP": 81,
            "TN": 8919,
            "precision": 0.9181818181818182,
            "recall": 0.909,
            "f1": 0.91356783919598
          },
          "class_7": {
            "TP": 904,
            "FN": 96,
            "FP": 87,
            "TN": 8913,
            "precision": 0.9122098890010091,
            "recall": 0.904,
            "f1": 0.9080863887493722
          },
          "class_8": {
            "TP": 938,
            "FN": 62,
            "FP": 87,
            "TN": 8913,
            "precision": 0.9151219512195122,
            "recall": 0.938,
            "f1": 0.9264197530864198
          },
          "class_9": {
            "TP": 922,
            "FN": 78,
            "FP": 107,
            "TN": 8893,
            "precision": 0.8960155490767736,
            "recall": 0.922,
            "f1": 0.9088220798422868
          }
        }
      },
      "timestamp": "2026-02-06T13:25:11.448320"
    }
  ]
}